ID,Title,Type,url
88,Ancelle,Catalog,https://www.ancellesacrocuore.it/
92,"Antiche Porte",Catalog,https://www.anticheporte.it/
94,"Autotrasporti agliari",Catalog,https://autotrasportiagliari.it/
96,"Chiusa giorgio",Landing,https://chiusagiorgio.negoziamo.shop/
98,Cibarium,Ecommerce,https://cibarium.negoziamo.shop/
100,"Consorzio Storm",Catalog,https://www.consorziostorm.it/
102,"Cose cosi",Landing,https://cosecosi.negoziamo.shop/
104,Delisa,Immobil,https://delisaimmobiliare.it/
106,"Diber bevande",Catalog,https://www.diberbevande.it/
108,"Eliana difussion",Ecommerce,https://elianadiffusion.negoziamo.shop/
110,Fava,Catalog,https://favatermoidraulica.com/
112,"Federico Maras",Catalog,https://federicomarras.it/
114,Fepsas,Catalog,https://fepsas.it/
116,"Ferramenta Gazzotti",Catalog,https://ferramentagazzotti.it/
118,"Fratelli bandini",Ecommerce,https://fratellibandinishop.it/
120,Freehouse,Immobil,https://freehouseimmobiliare.it/
122,"Fustellificio Gadda",Catalog,https://gaddafustelle.it/
124,"Game records",Catalog,https://gamerecords.it/
126,"I Consulenti Immobiliari",Immobil,https://iconsulentimmobiliari.it/
128,"Il Pasticciere",Landing,https://ilpasticciere.negoziamo.shop/
130,Imprendocasa,Immobil,https://www.imprendocasa.it/
132,Ideagelato,Catalog,https://www.ideagelato.com/
134,Klautomation,Catalog,https://klautomation.it/
136,Lagellateria,Catalog,https://lagelatteria.negoziamo.shop/
138,"Les Coiffeuses",Ecommerce,https://lescoiffeuses.negoziamo.shop/
140,"24 max",Catalog,https://24max.altuofianco.com/
142,Madison,Ecommerce,https://madisonshop.it/
144,"Maker Dojo",Catalog,https://www.makerdojo.it/
146,Mammaluciana,Ecommerce,https://mammalucianastore.it/
148,"Mbf Evolution",Catalog,https://mbfevolution.altuofianco.com/
150,"Merceria Maura",Catalog,https://merceriamaura.negoziamo.shop/
152,"Micci Giovani",Ecommerce,https://miccigiovanni.altuofianco.com/
154,"Modena Consulenza",Catalog,https://modenaconsulenza.it/
156,"Moon Flower",Catalog,https://moonflower.it/
158,"Rewind Telecommunicazioni",Catalog,https://www.rewindtelecomunicazioni.it/
162,Negoziamo,Catalog,https://negoziamo.shop/
164,"Negozio Ferreira",Catalog,https://negoziotelefoniaferrara.it/
166,"Non solo pizza",Catalog,https://nonsolopizzadagrisu.it/
168,"Ottico Rachelle",Catalog,https://otticorachele.negoziamo.shop/
170,Pallinagellateria,Catalog,https://pallinagelateria.ro/
172,Papavero,Catalog,https://papaverogelateria.it/
174,"Pastirecia Micci Fabio",Ecommerce,https://pasticceriamiccifabio.it/
176,"Piscozzo Assicurazioni",Catalog,https://piscozzoassicurazioni.it/
178,Pizzavoglia,Catalog,https://pizzavoglia.altuofianco.com/
180,Remax,Immobil,https://immobiliareclass.com/
182,"Rubiera Relais",Catalog,https://rubierarelais.it/
184,Sacco,Immobil,https://saccocase.altuofianco.com/
186,"Sanitaria Anna",Landing,https://sanitariaanna.negoziamo.shop/
188,Segalerba,Immobil,https://immobiliaresegalerba.it/
190,Semplicemente,Catalog,https://semplicemente.eu/
192,Spacefood,Ecommerce,https://spacefood.md/
194,Studiobazzo,Catalog,https://studiomichelebazzoassociati.it/
196,Tecnorubicone,Catalog,https://tecnorubicone.it/
198,Unison,Catalog,http://unisonresearch.cf/
200,"Vecchi Laura",Immobil,https://vecchi.altuofianco.com/
202,Village,Builder,https://village.altuofianco.com/
204,"Visit Rosolina",Catalog,https://visitrosolina.it/
206,"Why not caffe",Catalog,https://whynotcaffe.it/
208,Zuccatto,Catalog,https://zuccatoenergia.it/it/
216,"New energy",Catalog,https://newenergy.altuofianco.com/
218,"Salumificio Tarasconi",Ecommerce,https://tarasconi.altuofianco.com/
